W13-0804,2013
P13-1028,2013
W05-0618,2005
N12-4007,2012
W08-0315,2008
S13-2019,2013
W14-5605,2014
W15-0302,2015
W14-4719,2014
P06-2061,2006
P13-1112,2013
E09-1091,2009
W08-0912,2008
N03-2033,2003
W07-2203,2007
J11-2002,2010
W11-2143,2011
A97-2017,1996
P05-1058,2005
P06-1009,2006
W97-0318,1997
W12-1635,2012
W00-1220,2000
P06-2052,2006
W10-1719,2010
N09-1070,2009
D09-1160,2009
W10-2912,2010
W13-1708,2013
P00-1072,2000
W15-2134,2015
W10-3805,2010
P97-1062,1997
P05-1046,2005
D13-1114,2013
W15-4923,2015
Q14-1040,2014
D10-1091,2010
J03-3001,2003
W12-3159,2012
P13-2128,2013
W99-0707,1999
W04-0839,2004
W12-0108,2012
N04-4019,2004
P10-2063,2010
W13-5507,2013
P15-1061,2015
P05-3014,2005
W09-3953,2009
W07-1431,2007
P89-1018,1989
P01-1013,2001
J98-3009,1997
W13-0302,2013
S14-2080,2014
D13-1021,2013
W12-2011,2012
D08-1058,2008
D13-1151,2013
D14-1114,2014
D15-1142,2015
D15-1154,2015
E06-1005,2006
E91-1050,1991
J88-3004,1988
J88-3005,1988
J96-1003,1996
J99-2001,1999
N04-1023,2004
N04-1032,2004
N06-1017,2006
N07-1039,2006
N07-1064,2007
N12-1038,2012
N13-1057,2013
N13-3003,2013
P00-1059,2000
P08-1100,2008
P08-1113,2008
P11-2022,2011
P15-2128,2015
P93-1003,1993
P96-1026,1996
Q14-1008,2014
S15-2109,2015
S15-2120,2015
W00-1004,2000
W01-0726,2001
W02-0312,2002
W02-1024,2002
W03-1717,2003
W03-1807,2003
W04-0208,2004
W04-3237,2006
W05-0623,2005
W06-2204,2006
W06-2717,2006
W06-2938,2006
W07-1033,2007
W07-1402,2007
W10-1609,2010
W10-1824,2010
W10-2109,2010
W10-3506,2010
W10-4231,2010
W11-1403,2011
W11-2507,2011
W11-2820,2011
W11-2921,2011
W12-2202,2012
W12-5209,2012
W13-2241,2013
W14-0118,2014
W14-2715,2014
W14-3611,2014
W14-5502,2014
W14-6402,2014
W14-6700,2014
W15-0914,2015
W15-1402,2015
W15-1842,2015
W15-2518,2015
W15-2610,2015
W15-2911,2015
W93-0235,1993